German,Type,English
abhÑngig,Adjective,dependent
ausgezeichnet,Adjective,excellent
bekannt,Adjective,known
bereit,Adjective,ready
deutlich,Adjective,clear
egal,Adjective,no matter
eindeutig,Adjective,clearly
fest,Adjective,firm
gemeinsam,Adjective,together
gewîhnlich,Adjective,usually
guter,Adjective,good
hîher,Adjective,higher
komisch,Adjective,strange
leise,Adjective,quiet
mîglich,Adjective,possible
nÅtzlich,Adjective,useful
selbstverstÑndlich,Adjective,self evident
seltsam,Adjective,strange
sichtbar,Adjective,visible
sinnvoll,Adjective,meaningful
tatsÑchlich,Adjective,"indeed, actually"
traurig,Adjective,sad
unabhÑngig,Adjective,independent
unbekannt,Adjective,unknown
unmîglich,Adjective,impossible
unsichtbar,Adjective,invisible
verpflichtet,Adjective,obliged
wahrscheinlich,Adjective,probably
weich,Adjective,soft
wert,Adjective,valuable
zufrieden,Adjective,satisfied
zustÑndig,Adjective,responsible
Ñhnlich,Adjective,similar
aktiv,Adjective,active
allgemein,Adjective,generally
alt,Adjective,old
automatisch,Adjective,automatic
begeistert,Adjective,excited
besser,Adjective,better
bessere,Adjective,better
beste,Adjective,best
besten,Adjective,best
billig,Adjective,cheap
blau,Adjective,blue
blaue,Adjective,blue
blauen,Adjective,blue
braun,Adjective,brown
braune,Adjective,brown
bunt,Adjective,colorful
bunte,Adjective,colorful
buntes,Adjective,colorful
dritte,Adjective,third
echt,Adjective,true
einfach,Adjective,easy
erste,Adjective,first
ersten,Adjective,first
erstes,Adjective,first
extrem,Adjective,extreme
falsch,Adjective,false
fertig,Adjective,ready
fit,Adjective,fit
frei,Adjective,free
frisch,Adjective,fresh
gelb,Adjective,yellow
genau,Adjective,exactly
gesund,Adjective,healthy
grau,Adjective,gray
grauen,Adjective,gray
gro·,Adjective,big
gro·e,Adjective,big
gro·en,Adjective,big
gro·er,Adjective,big
grî·er,Adjective,bigger
grî·ere,Adjective,bigger
gro·es,Adjective,big
grÅn,Adjective,green
grÅne,Adjective,green
grÅnen,Adjective,green
grÅnes,Adjective,green
gut,Adjective,good
gute,Adjective,good
guten,Adjective,good
gutes,Adjective,good
hart,Adjective,hard
hei·e,Adjective,hot
hilfreich,Adjective,helpful
hoch,Adjective,high
individuell,Adjective,individual
international,Adjective,international
jung,Adjective,young
kalt,Adjective,cold
kaputt,Adjective,broken
klar,Adjective,clear
klein,Adjective,no
kleinen,Adjective,no
kleiner,Adjective,smaller
kleines,Adjective,no
knapp,Adjective,rare
komplett,Adjective,complete
kostenlos,Adjective,free
kurz,Adjective,short
lang,Adjective,long
lÑnger,Adjective,longer
langsam,Adjective,slow
langsamer,Adjective,slow
laut,Adjective,loud
lecker,Adjective,tasty
leer,Adjective,empty
leicht,Adjective,easy
leichter,Adjective,lighter
lustig,Adjective,funny
mÅde,Adjective,tired
neu,Adjective,new
normal,Adjective,normal
notwendig,Adjective,necessary
offen,Adjective,open
original,Adjective,original
perfekt,Adjective,perfect
persînlich,Adjective,personally
pink,Adjective,pink
plîtzlich,Adjective,suddenly
positiv,Adjective,positive
praktisch,Adjective,practical
privat,Adjective,private
regional,Adjective,regional
reich,Adjective,rich
relativ,Adjective,relative
richtig,Adjective,right
rot,Adjective,red
rote,Adjective,red
roten,Adjective,red
roter,Adjective,red
rotes,Adjective,red
ruhig,Adjective,calm
rund,Adjective,round
salzig,Adjective,salty
sauber,Adjective,clean
sauer,Adjective,sour
scharf,Adjective,sharp
schlecht,Adjective,bad
schmutzig,Adjective,dirty
schnell,Adjective,fast
schnellen,Adjective,fast
schneller,Adjective,faster
schnelles,Adjective,fast
schîn,Adjective,pretty
schîner,Adjective,prettier
schwach,Adjective,weak
schwanger,Adjective,pregnant
schwarz,Adjective,black
schwarze,Adjective,black
schwarzen,Adjective,black
schwarzes,Adjective,black
schwer,Adjective,heavy
sechste,Adjective,sixth
stark,Adjective,strong
stÑrker,Adjective,stronger
super,Adjective,great
sÅ·,Adjective,sweet
tÑglich,Adjective,daily
teuer,Adjective,expensive
teurer,Adjective,more expensive
tief,Adjective,deep
toll,Adjective,great
verantwortlich,Adjective,responsible
verfÅgbar,Adjective,available
verheiratet,Adjective,married
vierte,Adjective,fourth
voll,Adjective,full
warm,Adjective,warm
wei·,Adjective,white
wei·e,Adjective,white
wei·en,Adjective,white
wei·er,Adjective,white
wei·es,Adjective,white
weit,Adjective,far
wichtig,Adjective,important
wichtiger,Adjective,important
willkommen,Adjective,welcome
wirklich,Adjective,really
wîchentlich,Adjective,weekly
auch,Adverb,also
danach,Adverb,after that
dran,Adverb,turn
drau·en,Adverb,outside
drinnen,Adverb,indoors
drÅben,Adverb,over there
innen,Adverb,inside
inzwischen,Adverb,meanwhile
nebenan,Adverb,next door
so,Adverb,so
spÑtestens,Adverb,no later than
unten,Adverb,below
vorne,Adverb,ahead
womit,Adverb,by which
worÅber,Adverb,about what
ziemlich,Adverb,quite
zu,Adverb,to
alleine,Adverb,alone
au·en,Adverb,outside
bald,Adverb,soon
bitte,Adverb,please
da,Adverb,that
dort,Adverb,there
eher,Adverb,rather
endlich,Adverb,finally
ganz,Adverb,entire
genug,Adverb,enough
gern,Adverb,like
gerne,Adverb,like
gratis,Adverb,free
hier,Adverb,here
hinten,Adverb,behind
immer,Adverb,always
irgendwann,Adverb,sometime
irgendwie,Adverb,somehow
irgendwo,Adverb,somewhere
ja,Adverb,yes
leider,Adverb,unfortunately
nein,Adverb,no
nicht,Adverb,not
nie,Adverb,never
niemals,Adverb,never
noch,Adverb,after
normalerweise,Adverb,normally
nur,Adverb,only
oben,Adverb,above
schon,Adverb,already
sehr,Adverb,very
Åberall,Adverb,everywhere
vielleicht,Adverb,maybe
wann,Adverb,when
warum,Adverb,why
wieder,Adverb,again
wieso,Adverb,why
wofÅr,Adverb,for what
woher,Adverb,from where
wohin,Adverb,where to
zusammen,Adverb,together
als,Conjunction,as
doch,Conjunction,but
aber,Conjunction,but
da,Conjunction,that
dass,Conjunction,that
denn,Conjunction,since
entweder,Conjunction,either
obwohl,Conjunction,although
oder,Conjunction,or
sobald,Conjunction,as soon as
solange,Conjunction,as long as
sondern,Conjunction,but rather
und,Conjunction,and
weil,Conjunction,because
wenn,Conjunction,if
jemand,Determiner,someone
alle,Determiner,all
alles,Determiner,all
andere,Determiner,other
anderen,Determiner,other
anderes,Determiner,other
beide,Determiner,both
beiden,Determiner,both
dem,Determiner,the
den,Determiner,the
der,Determiner,the
ein,Determiner,a
eine,Determiner,a
einem,Determiner,a
einen,Determiner,a
einer,Determiner,a
irgendwas,Determiner,something
irgendwer,Determiner,somebody
jede,Determiner,each
jeder,Determiner,everyone
jedes,Determiner,each
kein,Determiner,no
keine,Determiner,no
keinen,Determiner,no
keiner,Determiner,nobody
manche,Determiner,some
nichts,Determiner,nothing
niemand,Determiner,no one
paar,Determiner,few
viel,Determiner,many
viele,Determiner,many
vielen,Determiner,many
welche,Determiner,which
welchem,Determiner,which
welchen,Determiner,which
welcher,Determiner,which
welches,Determiner,which
danke,Interjection,thanks
gern geschehen,Interjection,your welcome
hallo,Interjection,hello
tschÅss,Interjection,bye
Bereich,Noun,area
Bereiche,Noun,areas
Bereichen,Noun,areas
Bezirk,Noun,district
Bundesland,Noun,state
Ende,Noun,end
FlÑche,Noun,area
FlÅge,Noun,flights
Grund,Noun,reason
GrÅnde,Noun,reasons
GrundstÅck,Noun,property
Heimat,Noun,homeland
Hof,Noun,station
Hîfe,Noun,stations
Insel,Noun,island
Inseln,Noun,islands
Kneipe,Noun,pub
Leiter,Noun,ladder
Leitern,Noun,ladders
Mitgliedern,Noun,members
Ort,Noun,place
Orte,Noun,places
Pension,Noun,pension
Regionen,Noun,regions
Seife,Noun,soap
Standort,Noun,location
Strecken,Noun,routes
Tassen,Noun,cups
Umgebung,Noun,area
Unterkunft,Noun,accommodation
Urlaub,Noun,vacation
Verwandte,Noun,relative
Verwandten,Noun,relatives
Abendessen,Noun,dinner
Abenteuer,Noun,adventure
Anfang,Noun,start
AnfÑnger,Noun,beginners
Antwort,Noun,answer
Antworten,Noun,answers
Apfel,Noun,apple
épfel,Noun,apples
Apfelsaft,Noun,applejuice
Apotheke,Noun,pharmacy
Apotheken,Noun,pharmacies
Arbeit,Noun,work
Arbeiten,Noun,work
Arbeitgeber,Noun,employer
Arbeitgeberin,Noun,employer (f)
Arbeitgeberinnen,Noun,employers (f)
Arbeitnehmer,Noun,employee
Architekt,Noun,architect
Architekten,Noun,architects
Arme,Noun,arms
Arzt,Noun,doctor
érzte,Noun,doctors
érztin,Noun,doctor
Auge,Noun,eye
Augen,Noun,eyes
Ausland,Noun,abroad
Auto,Noun,car
Autor,Noun,author
Autoren,Noun,authors
Autos,Noun,cars
Baby,Noun,baby
Babys,Noun,babies
BÑcker,Noun,baker
BÑckerei,Noun,bakery
BÑckereien,Noun,bakeries
BÑckerin,Noun,baker
Bad,Noun,bathroom
Bahn,Noun,train
Bahnhîfe,Noun,trainstations
Balkon,Noun,balcony
Bananen,Noun,bananas
Bank,Noun,bank
Banken,Noun,banks
BÑr,Noun,bear
BÑren,Noun,bears
Batterie,Noun,battery
Batterien,Noun,batteries
Bauer,Noun,farmer
Bauern,Noun,farmers
Baum,Noun,tree
BÑume,Noun,trees
Baumwolle,Noun,cotton
Bedienung,Noun,service
Beine,Noun,legs
Berg,Noun,mountain
Berge,Noun,mountains
Beruf,Noun,job
Berufe,Noun,jobs
Besuch,Noun,visit
Besucher,Noun,visitor
Beton,Noun,concrete
Bett,Noun,bed
Betten,Noun,beds
Beziehung,Noun,relationship
Beziehungen,Noun,relationships
Bibliothek,Noun,library
Bibliotheken,Noun,libraries
Biene,Noun,bee
Bier,Noun,beer
Blume,Noun,flower
Blumen,Noun,flowers
Bohnen,Noun,beans
Boot,Noun,boat
Boote,Noun,boats
Brot,Noun,bread
BrÅcke,Noun,bridge
BrÅder,Noun,brothers
Brust,Noun,breast
BrÅste,Noun,breasts
Buch,Noun,book
BÅcher,Noun,books
BÅrger,Noun,citizen
BÅrgermeister,Noun,mayor
Bus,Noun,bus
Bushaltestelle,Noun,bus stop
Busse,Noun,buses
Butter,Noun,butter
Cent,Noun,cent
Chefin,Noun,boss (f)
Cousine,Noun,cousin
Cousinen,Noun,cousins
Cousins,Noun,cousins
Dach,Noun,roof
DÑcher,Noun,roofs
Dame,Noun,lady
Damen,Noun,ladies
Decke,Noun,blanket
Decken,Noun,cover
Deutsch,Noun,german
Dollar,Noun,dollars
Dorf,Noun,village
Dîrfer,Noun,villages
Dorfes,Noun,
Durst,Noun,thirst
Dusche,Noun,shower
Duschgel,Noun,shower gel
Dutzend,Noun,dozen
Ei,Noun,egg
Eier,Noun,eggs
Einkaufszentrum,Noun,shopping mall
Eis,Noun,ice
Eisen,Noun,iron
Eltern,Noun,parents
Englisch,Noun,english
Enkel,Noun,grandson
Enkelin,Noun,granddaughter
Ente,Noun,duck
Enten,Noun,ducks
Entschuldigung,Noun,excuse me
Erdbeere,Noun,strawberry
Erde,Noun,earth
Erwachsene,Noun,adult
Essen,Noun,food
Euro,Noun,euro
Euros,Noun,euros
FÑhre,Noun,ferry
FÑhren,Noun,ferries
Fahrer,Noun,driver
Fahrrad,Noun,bicycle
FahrrÑder,Noun,bicycles
Fahrt,Noun,drive
Fahrzeug,Noun,vehicle
Fahrzeuge,Noun,vehicles
Familie,Noun,family
Familien,Noun,families
Fans,Noun,fans
Farbe,Noun,color
Farben,Noun,color
Feind,Noun,enemy
Fenster,Noun,window
Ferien,Noun,vacation
Ferienhaus,Noun,vacation home
FerienhÑuser,Noun,vacation homes
Feuer,Noun,fire
Feuerwehr,Noun,fire department
Feuerzeug,Noun,lighter
Feuerzeuge,Noun,lighters
Finger,Noun,finger
Fisch,Noun,fish
Fische,Noun,fish
Flasche,Noun,bottle
Fleck,Noun,spot
Flecken,Noun,spots
Fleisch,Noun,meat
Fliege,Noun,fly
Fliegen,Noun,flies
Flug,Noun,flight
Flughafen,Noun,airport
Flugzeuge,Noun,airplanes
Frage,Noun,question
Fragen,Noun,questions
Frau,Noun,woman
Frauen,Noun,women
Freund,Noun,friend
Freunde,Noun,friends
Freundin,Noun,girlfriend
FrÅhstÅck,Noun,breakfast
FÅ·e,Noun,feet
Gabeln,Noun,fork
GÑrten,Noun,gardens
Gast,Noun,guest
GÑste,Noun,guests
GebÑude,Noun,building
Gegner,Noun,opponent
Geldautomat,Noun,ATM
Geldautomaten,Noun,ATMs
GemÅse,Noun,vegetables
GerÑt,Noun,device
GerÑte,Noun,devices
GeschÑfte,Noun,businesses
GeschÑftsfÅhrer,Noun,manager
Geschlecht,Noun,gender
Geschwister,Noun,sibling
Glas,Noun,glass
GlÑser,Noun,glasses
Gold,Noun,gold
Gro·eltern,Noun,grandparents
Gro·mutter,Noun,grandmother
Gro·vater,Noun,grandfather
Gruppe,Noun,group
Gruppen,Noun,groups
Gutschein,Noun,coupon
Gutscheine,Noun,coupons
Haare,Noun,hair
HÑhnchen,Noun,chicken
Halbbruder,Noun,half brother
HalbbrÅder,Noun,halfbrothers
Halbschwester,Noun,halfsister
HÑlfte,Noun,half
Halle,Noun,hall
Hand,Noun,hand
HÑnde,Noun,hands
HÑndler,Noun,dealer
Handtuch,Noun,towel
Hauptgericht,Noun,main course
HÑuser,Noun,houses
Haushalt,Noun,household
HaushaltsgerÑte,Noun,household appliances
Haustier,Noun,pet
Haut,Noun,skin
Heizung,Noun,heating
Hemd,Noun,shirt
Hemden,Noun,shirts
Herr,Noun,gentleman
Herren,Noun,gentlemen
Herzen,Noun,heart
Himmel,Noun,sky
Hochzeit,Noun,wedding
Hochzeiten,Noun,weddings
Honig,Noun,honey
Hose,Noun,pants
Hosen,Noun,pants
Hotel,Noun,hotel
Hotels,Noun,hotels
Hund,Noun,dog
Hunde,Noun,dogs
Hunger,Noun,hunger
Hut,Noun,hat
HÅte,Noun,hats
Innenstadt,Noun,inner city/downtown
Innere,Noun,inside
Insekt,Noun,insect
Insekten,Noun,insects
Jacke,Noun,jacket
Jacken,Noun,jackets
Junge,Noun,boy
Jungen,Noun,boys
KÑfer,Noun,beetle
Kaffee,Noun,coffee
Kartoffel,Noun,potato
Kartoffeln,Noun,potatoes
Karton,Noun,carton
KÑse,Noun,cheese
Kasse,Noun,checkout
Katze,Noun,cat
Katzen,Noun,cats
Keller,Noun,basement
Kind,Noun,child
Kinder,Noun,children
Kleid,Noun,dress
Kleider,Noun,dresses
Kleidung,Noun,clothing
Knoblauch,Noun,garlic
Knopf,Noun,button
Knîpfe,Noun,buttons
Koch,Noun,cook
Kîche,Noun,cooks
Kîchinnen,Noun,chefs (f)
Kîpfe,Noun,heads
Kîrper,Noun,body
Kosmetik,Noun,cosmetics
KÅche,Noun,kitchen
Kuchen,Noun,cake
Kuh,Noun,cow
KÅhe,Noun,cows
KÅhlschrank,Noun,refrigerator
KÅhlschrÑnke,Noun,refrigerators
Kunde,Noun,customer
Kunden,Noun,customers
Kupfer,Noun,copper
LadegerÑt,Noun,charger
LadegerÑte,Noun,chargers
LÑden,Noun,shops
Lampe,Noun,lamp
Leder,Noun,leather
Lehrer,Noun,teacher
Lehrerin,Noun,teacher (f)
Leute,Noun,people
Licht,Noun,light
Liter,Noun,liter
Lîffel,Noun,spoon
Luft,Noun,air
MÑdchen,Noun,girl
Magen,Noun,stomach
Mann,Noun,man
MÑnner,Noun,men
Mantel,Noun,coat
MÑntel,Noun,coats
Markt,Noun,market
MÑrkte,Noun,markets
Marktplatz,Noun,marketplace
Marmelade,Noun,jam
Mathematik,Noun,mathematics
Mauer,Noun,wall
Maus,Noun,mouse
MÑuse,Noun,mice
Meister,Noun,master
Mensch,Noun,person
Menschen,Noun,people
Messer,Noun,knife
Metall,Noun,metal
Meter,Noun,meter
Mietwagen,Noun,rental car
Milch,Noun,milk
Milliarden,Noun,billions
Million,Noun,million
Millionen,Noun,millions
Mitarbeiter,Noun,co worker
Mitarbeiterin,Noun,coworker (F)
Mitglied,Noun,member
Mitglieder,Noun,members
Mittagessen,Noun,lunch
Mîbel,Noun,furniture
Motorrad,Noun,motorcycle
MotorrÑder,Noun,motorcycles
Mund,Noun,mouth
MÅsli,Noun,muesli
Mutter,Noun,mother
MÅtter,Noun,mothers
Nachbar,Noun,neighbor
Nachtisch,Noun,dessert
Name,Noun,name
Namen,Noun,name
Nasen,Noun,noses
Natur,Noun,nature
Neffen,Noun,nephew
Nichten,Noun,nieces
Nudeln,Noun,pasta
Nummer,Noun,number
Nummern,Noun,numbers
Nuss,Noun,nut
NÅsse,Noun,nuts
Obst,Noun,fruit
Ohr,Noun,ear
ôl,Noun,oil
Oma,Noun,grandma
Onkel,Noun,uncle
Opa,Noun,grandpa
Orange,Noun,orange
Orangen,Noun,oranges
Orangensaft,Noun,orange juice
Papier,Noun,paper
Pappe,Noun,cardboard
Parks,Noun,parks
Partner,Noun,partner
Partnerschaft,Noun,partnership
Pass,Noun,passport
Person,Noun,person
Pferd,Noun,horse
Pilz,Noun,mushroom
Pilze,Noun,mushrooms
Pizza,Noun,pizza
Plastik,Noun,plastic
Platz,Noun,place
PlÑtze,Noun,places
Preis,Noun,price
Preise,Noun,prices
Professor,Noun,professor
Professorin,Noun,professor
Prozent,Noun,percent
Publikum,Noun,audience
Rasierer,Noun,razor
Region,Noun,region
Reinigung,Noun,cleaning
Reis,Noun,rice
Reise,Noun,trip
ReisefÅhrer,Noun,tour guide
Restaurants,Noun,restaurants
Rezept,Noun,recipe
Ring,Noun,ring
Ringe,Noun,rings
Rock,Noun,skirt
Rîcke,Noun,skirts
Rot,Noun,red
RÅcken,Noun,backs
Saft,Noun,juice
Salz,Noun,salt
Samstage,Noun,saturdays
Schlaf,Noun,sleep
Schlafzimmer,Noun,bedroom
Schloss,Noun,castle
SchlÅssel,Noun,key
Schmuck,Noun,jewelry
Schnecke,Noun,snail
Schokolade,Noun,chocolate
Schrank,Noun,cupboard
SchrÑnke,Noun,cupboards
Schuh,Noun,shoe
Schuhe,Noun,shoes
Schule,Noun,school
Schulen,Noun,schools
SchÅler,Noun,pupil
SchÅlerin,Noun,pupil
SchÅlerinnen,Noun,pupils (f)
Schulter,Noun,shoulder
Schultern,Noun,shoulders
SchÅssel,Noun,bowl
Schweden,Noun,Sweden
Schwein,Noun,pig
Schweine,Noun,pigs
Schweizer,Noun,swiss person
Schwester,Noun,sister
Schwestern,Noun,sisters
SehenswÅrdigkeiten,Noun,sights
Senf,Noun,mustard
Senior,Noun,senior
Senioren,Noun,seniors
Silber,Noun,silver
Sofa,Noun,sofa
Sofas,Noun,sofas
Sohn,Noun,son
Sîhne,Noun,sons
Sonderangebot,Noun,special offer
Sonne,Noun,sun
Sonntage,Noun,sundays
Spiegel,Noun,mirror
Spinnen,Noun,spider
Stadt,Noun,city
StÑdte,Noun,cities
Stadtplan,Noun,city map
Steckdose,Noun,outlet
Steckdosen,Noun,outlets
Stern,Noun,star
Stra·e,Noun,street
Stra·en,Noun,streets
Strecke,Noun,route
Student,Noun,student
Studenten,Noun,students
Studentin,Noun,student
Stuhl,Noun,chair
StÅhle,Noun,chairs
Summe,Noun,sum
Supermarkt,Noun,supermarket
SupermÑrkte,Noun,supermarket
Suppe,Noun,soup
Tag,Noun,day
Tage,Noun,days
Tanten,Noun,aunts
Tasche,Noun,bag
Taschen,Noun,bags
Tasse,Noun,cup
Taxi,Noun,taxi
Tee,Noun,tea
Telefonnummer,Noun,telephone number
Teller,Noun,plate
Teppich,Noun,carpet
Tier,Noun,animal
Tiere,Noun,animals
Tisch,Noun,table
Tische,Noun,tables
Tochter,Noun,daughter
Tîchter,Noun,daughters
Toilette,Noun,toliet
Toiletten,Noun,toliet
Tomate,Noun,tomato
Tomaten,Noun,tomatoes
Tour,Noun,tour
Tourismus,Noun,tourism
Trainer,Noun,coach
Treppe,Noun,stairway
Treppen,Noun,stairs
Trinkgeld,Noun,tip
TÅr,Noun,door
TÅren,Noun,doors
TÅrke,Noun,turk
TÅte,Noun,bag
Urenkel,Noun,great grandson
Urgro·mutter,Noun,great grandmother
Vater,Noun,father
Vegetarier,Noun,vegetarian
Vergangenheit,Noun,past
VerkÑufer,Noun,seller
Verkehr,Noun,traffic
VerspÑtung,Noun,delay
Visa,Noun,visa
Visum,Noun,visas
Vogel,Noun,bird
Vîgel,Noun,birds
Vorname,Noun,first name
Vornamen,Noun,first name
Vorspeise,Noun,appetizer
Wand,Noun,wall
WÑnde,Noun,walls
Wasser,Noun,water
Weg,Noun,way
Wege,Noun,ways
Wein,Noun,wine
Werktag,Noun,workday
Werkzeug,Noun,tool
Werkzeuge,Noun,tools
Wind,Noun,wind
Woche,Noun,week
Wochen,Noun,weeks
Wohnung,Noun,apartment
Wohnzimmer,Noun,living room
Wolle,Noun,wool
Zahl,Noun,number
Zahlen,Noun,numbers
Zahn,Noun,tooth
ZahnbÅrste,Noun,toothbrush
Zaun,Noun,fence
ZÑune,Noun,fences
Zeitung,Noun,newspaper
Zeitungen,Noun,newspapers
Zentrale,Noun,headquarters
Zentrum,Noun,center
Zeug,Noun,stuff
Zimmer,Noun,room
Zucker,Noun,sugar
Zug,Noun,train
ZÅge,Noun,trains
Zukunft,Noun,future
Zwilling,Noun,twin
Zwillinge,Noun,twins
acht,Numeral,8
achtundzwanzig,Numeral,28
achtzehn,Numeral,18
achtzig,Numeral,80
drei,Numeral,3
drei·ig,Numeral,30
dreiundzwanzig,Numeral,23
dreizehn,Numeral,13
eins,Numeral,1
elf,Numeral,11
fÅnf,Numeral,5
fÅnfzehn,Numeral,15
fÅnfzig,Numeral,50
hundert,Numeral,100
hundertdreiundzwanzig,Numeral,123
neun,Numeral,9
neunzehn,Numeral,19
neunzig,Numeral,90
sechs,Numeral,6
sechzehn,Numeral,16
sechzig,Numeral,60
sieben,Numeral,7
siebzehn,Numeral,17
siebzig,Numeral,70
tausend,Numeral,1000
vier,Numeral,4
vierundzwanzig,Numeral,24
vierzehn,Numeral,14
vierzig,Numeral,40
zehn,Numeral,10
zwanzig,Numeral,20
zwei,Numeral,2
zweiundachtzig,Numeral,82
zweiunddrei·ig,Numeral,32
zweiundvierzig,Numeral,42
zwîlf,Numeral,12
ab,Preposition,from
am,Preposition,at the
bis,Preposition,to
neben,Preposition,next
wÑhrend,Preposition,while
wegen,Preposition,because of
zum,Preposition,to the
auf,Preposition,on
aufs,Preposition,on
au·er,Preposition,except
bei,Preposition,at
beim,Preposition,at
durch,Preposition,through
einschlie·lich,Preposition,including
entlang,Preposition,along
fÅr,Preposition,for
gegen,Preposition,against
gegenÅber,Preposition,across from
hinter,Preposition,behind
im,Preposition,in the
in,Preposition,in
ins,Preposition,in
mit,Preposition,with
nach,Preposition,to
ohne,Preposition,without
seit,Preposition,since
Åber,Preposition,about
um,Preposition,around
ums,Preposition,around
unter,Preposition,under
vom,Preposition,from
von,Preposition,of
vor,Preposition,for
zu,Preposition,to
zur,Preposition,to
zwischen,Preposition,between
das,Pronoun,this
dein,Pronoun,your
deine,Pronoun,your
deinem,Pronoun,your
deinen,Pronoun,your
deiner,Pronoun,your
dich,Pronoun,you
dies,Pronoun,this
diese,Pronoun,there
diesem,Pronoun,this
diesen,Pronoun,this
dieser,Pronoun,this
dieses,Pronoun,this
dir,Pronoun,you
du,Pronoun,you
etwas,Pronoun,some
euch,Pronoun,you
euer,Pronoun,your
eure,Pronoun,you
euren,Pronoun,your
ich,Pronoun,I
ihm,Pronoun,him
ihnen,Pronoun,him
ihr,Pronoun,you
ihre,Pronoun,her
ihrem,Pronoun,her
ihren,Pronoun,her
ihrer,Pronoun,her
mein,Pronoun,my
meine,Pronoun,my
meinem,Pronoun,my
meinen,Pronoun,my
meiner,Pronoun,my
mich,Pronoun,me
mir,Pronoun,me
sein,Pronoun,be
seine,Pronoun,his
seinem,Pronoun,his
seinen,Pronoun,his
seiner,Pronoun,his
sie,Pronoun,she
uns,Pronoun,us
unser,Pronoun,our
unsere,Pronoun,our
unserem,Pronoun,our
unseren,Pronoun,our
unserer,Pronoun,our
was,Pronoun,what
wem,Pronoun,who
wen,Pronoun,whom
wer,Pronoun,who
wessen,Pronoun,whose
wir,Pronoun,we
wo,Pronoun,where
afrika,Proper noun,Africa
bayern,Proper noun,Bavaria
deutschland,Proper noun,germany
england,Proper noun,england
europa,Proper noun,Europe
frankreich,Proper noun,France
gro·britannien,Proper noun,great britian
hamburg,Proper noun,Hamburg
hans,Proper noun,Hans
italien,Proper noun,Italian
julia,Proper noun,Julia
karl,Proper noun,Karl
îsterreich,Proper noun,Austria
schweiz,Proper noun,switzerland
spanien,Proper noun,Spain
wien,Proper noun,Vienna
Ñndert,Verb,change
bauen,Verb,build
benutze,Verb,use
benutzen,Verb,use
benutzt,Verb,use
erlaube,Verb,allow
erlauben,Verb,allow
erlaubt,Verb,allows
ersetzen,Verb,replace
ersetzt,Verb,replaces
erweitern,Verb,expand
erweitert,Verb,expands
fehlen,Verb,is missing
fehlt,Verb,is missing
findet,Verb,finds
geben,Verb,give
halte,Verb,hold
halten,Verb,hold
handelt,Verb,handles
handle,Verb,handle
kînnen,Verb,can
kînnt,Verb,can
lass,Verb,let
lasst,Verb,leaves
lebe,Verb,live
leben,Verb,live
lebt,Verb,lives
legen,Verb,lay/put
legt,Verb,lays/puts
liegst,Verb,lie
liegt,Verb,lies
meine,Verb,mean
meinst,Verb,mean
meint,Verb,means
nehme,Verb,take
nehmen,Verb,take
nehmt,Verb,takes
passiert,Verb,happens
prÅft,Verb,checks
renne,Verb,run
rennen,Verb,run
rennst,Verb,run
rennt,Verb,runs
ruft,Verb,calls
sagst,Verb,say
sammeln,Verb,collect
sammelt,Verb,collects
sammle,Verb,collect
schlie·en,Verb,conclude/close
schlie·t,Verb,concludes/closes
sehe,Verb,see
seht,Verb,sees
spazieren,Verb,walk
spaziert,Verb,walks
stehe,Verb,stand
stehen,Verb,stand
stehst,Verb,stand
steht,Verb,stands
steigen,Verb,climb
steigt,Verb,climbs
stelle,Verb,put
suche,Verb,search
suchen,Verb,search
sucht,Verb,searchs
treffen,Verb,meet
trifft,Verb,meets
warte,Verb,wait
warten,Verb,wait
wartest,Verb,wait
wartet,Verb,waits
wohne,Verb,live
wohnen,Verb,live
wohnst,Verb,live
wohnt,Verb,lives
abonnieren,Verb,subscribe
akzeptieren,Verb,accept
antworten,Verb,answer
antwortest,Verb,answer
antwortet,Verb,answers
arbeite,Verb,work
arbeiten,Verb,work
arbeitest,Verb,work
arbeitet,Verb,work
beginne,Verb,begin
beginnen,Verb,begin
beginnst,Verb,begin
beginnt,Verb,begins
bestelle,Verb,order
bestellen,Verb,order
bestellt,Verb,orders
bezahle,Verb,pay for
bezahlen,Verb,pay for
bezahlst,Verb,pay for
bezahlt,Verb,pays for
bin,Verb,am
bist,Verb,are
bleiben,Verb,stay
bleibt,Verb,stay
brauche,Verb,need
brauchen,Verb,need
brauchst,Verb,need
braucht,Verb,needs
bringe,Verb,bring
bringst,Verb,bring
bringt,Verb,brings
buchst,Verb,book
bucht,Verb,books
danke,Verb,thank
dankst,Verb,thank
dankt,Verb,thanks
denke,Verb,think
denken,Verb,think
denkst,Verb,think
denkt,Verb,thinks
drÅcke,Verb,squeeze
drÅcken,Verb,squeeze
drÅckt,Verb,squeezes
dusche,Verb,shower
duschst,Verb,shower
duscht,Verb,showers
esse,Verb,eat
essen,Verb,eat
esst,Verb,eat
fahre,Verb,drive
fahren,Verb,drive
fÑhrt,Verb,drive
fallen,Verb,fall
fallt,Verb,falls
fÑllt,Verb,fall
finde,Verb,find
finden,Verb,find
findest,Verb,find
fliegst,Verb,fly
folge,Verb,follow
folgen,Verb,follow
folgst,Verb,follow
folgt,Verb,follows
frisst,Verb,eats
frÅhstÅcke,Verb,eat breakfast
frÅhstÅcken,Verb,eat breakfast
frÅhstÅckst,Verb,eat breakfast
frÅhstÅckt,Verb,eats breakfast
funktioniert,Verb,functions
gebe,Verb,give
geh,Verb,go
gehe,Verb,go
gehen,Verb,go
gehîren,Verb,belongs to
gehîrst,Verb,belong to
gehîrt,Verb,belongs to
gehst,Verb,go
geht,Verb,goes
gibt,Verb,gives
habe,Verb,have
haben,Verb,have
habt,Verb,have
hast,Verb,have
hat,Verb,has
hei·e,Verb,am called
hei·t,Verb,is called
helfe,Verb,help
helfen,Verb,help
helft,Verb,help
hilfst,Verb,help
hilft,Verb,help
hoffe,Verb,hope
hoffen,Verb,hope
hofft,Verb,hope
hîre,Verb,hear
hîren,Verb,hear
hîrt,Verb,hears
iss,Verb,eat
isst,Verb,eats
kaufen,Verb,buy
kauft,Verb,buy
kenne,Verb,know
kennen,Verb,know
kennst,Verb,know
kennt,Verb,knows
koche,Verb,cook
kochen,Verb,cock
kochst,Verb,cook
kocht,Verb,cooks
komme,Verb,come
kommen,Verb,come
kommt,Verb,comes
kostet,Verb,costs
laufe,Verb,walk
laufen,Verb,walk
lÑufst,Verb,walk
lÑuft,Verb,walk
lerne,Verb,learn
lernen,Verb,learn
lernst,Verb,learn
lernt,Verb,learns
lese,Verb,read
lesen,Verb,read
lies,Verb,read
liest,Verb,read
mache,Verb,do
machen,Verb,do
mag,Verb,like
magst,Verb,like
mîgen,Verb,like
mîgt,Verb,like
nimm,Verb,take
nimmt,Verb,takes
îffnest,Verb,open
îffnet,Verb,opens
passt,Verb,fits
prÅfen,Verb,check
reicht,Verb,suffices
ruf,Verb,call
rufe,Verb,call
sage,Verb,say
sagen,Verb,say
sagt,Verb,says
schaue,Verb,see
schauen,Verb,see
schaut,Verb,sees
scheint,Verb,shines
schlafe,Verb,sleep
schlafen,Verb,sleep
schlÑfst,Verb,sleep
schlÑft,Verb,sleep
schmeckt,Verb,tastes
schreibe,Verb,write
schreiben,Verb,write
schreibst,Verb,write
schreibt,Verb,write
schwimme,Verb,swim
schwimmen,Verb,swim
schwimmst,Verb,swim
schwimmt,Verb,swims
sei,Verb,be
seid,Verb,are
siebte,Verb,seven
siehst,Verb,see
sieht,Verb,sees
sind,Verb,are
singe,Verb,sing
singen,Verb,sing
singt,Verb,sing
spiele,Verb,play
spielen,Verb,play
spielst,Verb,play
spielt,Verb,plays
spreche,Verb,speak
sprechen,Verb,speak
sprecht,Verb,speaks
sprichst,Verb,speak
spricht,Verb,speak
stehlt,Verb,steal
stiehlt,Verb,steals
trage,Verb,wear
tragen,Verb,wear
trÑgst,Verb,wear
trÑgt,Verb,wears
trink,Verb,drink
trinke,Verb,drink
trinken,Verb,drink
trinkst,Verb,drink
trinkt,Verb,drinks
Åbernimmt,Verb,take over
Åberweise,Verb,transfer
Åberweist,Verb,transfer
verkauft,Verb,sell
verstehe,Verb,understand
verstehen,Verb,understand
verstehst,Verb,understands
versteht,Verb,understands
wasche,Verb,wash
waschen,Verb,wash
wÑschst,Verb,wash
wascht,Verb,washes
wÑscht,Verb,washes
wei·,Verb,know
wei·t,Verb,know
will,Verb,want
wissen,Verb,know
wisst,Verb,know
wollen,Verb,want
zeige,Verb,show
zeigen,Verb,show
zeigt,Verb,shows
zu abend,,in the evening
alles klar,,alright
an,,in
auf wiedersehen,,goodbye
aus,,from
beliebt,,popular
bis bald,,see you soon
bis morgen,,see you tomorrow
bis spÑter,,see you later
das,,this
das,,this
die,,the
einundzwanzig,,21
er,,he
es,,it
es gibt,,there is
es tut mir leid,,I am sorry
gute nacht,,good night
guten abend,,good evening
guten morgen,,good morning
guten tag,,good day
ihn,,him
in ordnung,,alright
ist,,is
keine ahnung,,no idea
mir geht's gut,,I am doing well
schweizer franken,,swiss franc
wie,,how
wie bitte,,come again
wie geht's,,how's it going
wie viel,,how much
wie viele,,how many
zu mittag,,lunch
